site,year,ph,odour,turbidity,conductivity,chloride_(ppm),sulphates(ppm),iron_(ppm),cod(ppm),bod(ppm),do(ppm),lead(ppm),ammonia(ppm),nitrate(ppm),fluorides(ppm),phosphates(ppm),total_bacterial_count_(cfu/ml),total_fungal_count_(cfu/ml),pesticide_(µg/l),wqi,wqi_class,predicted_wqi,priority_score
Karan Lake (Site 1) (Ground Water),2016,7.5,,0.4,246.0,112.4,65.0,0.4,23.0,16.02,6.2,,0.3,45.0,,,3000,200.0,,122.89670685881748,Poor,120.33061926912065,122.89670685881748
Karan Lake (Site 1) (Ground Water),2017,7.7,,0.5,276.0,122.0,76.0,0.5,23.5,16.4,6.0,,0.4,45.0,,,3000,200.0,,153.61815551575592,Poor,152.43541449489598,153.61815551575592
Karan Lake (Site 1) (Ground Water),2018,7.9,,0.6,296.0,129.9,93.0,0.6,24.8,17.8,5.9,,0.6,45.0,,,3000,200.0,,184.34293913312047,Poor,184.1893443957024,184.34293913312047
Brahma Sarovar(Site 2) (Ground Water ),2016,7.61,,0.2,294.0,121.9,60.0,0.5,31.3,19.2,7.2,,0.3,45.0,,,800,,,153.08965598524614,Poor,152.74473088103798,153.08965598524614
Brahma Sarovar(Site 2) (Ground Water ),2017,7.6,,0.21,300.0,121.8,60.0,0.7,34.2,20.2,6.2,,0.3,51.0,,,900,,,213.5099941483826,Very Poor,220.8592242739893,213.5099941483826
Brahma Sarovar(Site 2) (Ground Water ),2018,7.7,,0.3,314.0,122.9,60.0,0.7,34.2,21.2,6.0,,0.3,55.0,,,900,,,213.87488569032027,Very Poor,220.65734344605346,213.87488569032027
Teekar Taal(Site 3) (Ground Water),2016,7.5,,0.2,513.0,19.35,75.0,0.5,24.0,12.8,7.0,,0.5,10.0,,,15000,1200.0,,152.35158683360444,Poor,152.20071883406226,152.35158683360444
Teekar Taal(Site 3) (Ground Water),2017,7.53,,0.3,543.0,27.35,78.0,0.59,25.4,13.0,6.0,,0.6,13.0,,,16000,1200.0,,179.7275226042636,Poor,180.92704681336474,179.7275226042636
Teekar Taal(Site 3) (Ground Water),2018,7.6,,0.3,565.0,32.35,88.0,0.6,26.4,13.6,6.1,,0.7,14.0,,,17000,1300.0,,182.9165142662512,Poor,183.26534725840003,182.9165142662512
Agra Canal(Site 1) (Ground Water),2016,7.2,,0.5,453.0,266.5,95.0,0.2,15.1,7.3,6.3,,0.3,15.0,,,2000,100.0,,61.7009747173444,Good,74.07901677739598,61.7009747173444
Agra Canal(Site 1) (Ground Water),2017,7.4,,0.6,623.0,277.5,100.0,0.3,17.2,8.0,6.0,,0.4,17.0,,,3000,200.0,,92.44578043555994,Good,93.9272752372471,92.44578043555994
Agra Canal(Site 1) (Ground Water),2018,7.4,,0.7,633.0,286.5,105.0,0.3,18.2,8.2,5.8,,0.4,18.0,,,3000,200.0,,92.57512766761867,Good,93.98236172703292,92.57512766761867
Yamuna River(Site 1) (Ground Water),2016,7.51,,0.5,361.0,17.0,40.0,0.6,18.7,9.4,6.8,,0.2,24.0,,,2200,800.0,,183.0369271967676,Poor,204.7725032036536,183.0369271967676
Yamuna River(Site 1) (Ground Water),2017,7.52,,0.7,398.0,18.2,49.0,0.6,18.9,9.6,6.1,,0.4,25.6,,,2127,850.0,,183.30357838928856,Poor,203.98231224136296,183.30357838928856
Yamuna River(Site 1) (Ground Water),2018,7.54,,0.8,467.0,19.1,56.0,0.7,19.8,9.8,5.6,,0.6,27.0,,,2300,880.0,,213.65390436599293,Very Poor,210.26692340731816,213.65390436599293
Yamuna River(Site 2) (Ground Water),2016,7.51,,0.5,277.0,43.9,43.0,0.7,19.7,9.7,5.1,,0.2,17.0,,,2400,800.0,,213.13195012299835,Very Poor,213.65123573063147,213.13195012299835
Yamuna River(Site 2) (Ground Water),2017,7.6,,0.7,320.0,47.5,43.0,0.8,20.2,10.0,4.9,,0.3,21.0,,,2300,850.0,,243.77129731364025,Very Poor,239.37767584990095,243.77129731364025
Yamuna River(Site 2) (Ground Water),2018,7.7,,0.8,326.0,59.2,44.0,0.9,22.7,10.4,4.2,,0.4,25.0,,,2500,890.0,,274.3275125695385,Very Poor,237.3746499957053,274.3275125695385
Yamuna River(Site 3) (Ground Water),2016,7.6,,0.6,312.0,45.81,47.0,0.8,26.7,21.1,4.7,,3.1,17.0,,,2200,800.0,,243.61100334668345,Very Poor,238.90377510557408,243.61100334668345
Yamuna River(Site 3) (Ground Water),2017,7.77,,0.6,347.0,46.3,54.0,1.2,27.3,20.3,4.1,,4.6,18.0,,,2200,800.0,,364.692185232979,Unsuitable,369.9058986805025,364.692185232979
Yamuna River(Site 3) (Ground Water),2018,7.8,,0.7,367.0,47.81,65.0,1.2,29.7,24.8,3.4,,4.8,19.0,,,2500,800.0,,364.8862519122285,Unsuitable,367.02837344552523,364.8862519122285
Yamuna River(Site 4) (Ground Water),2016,7.4,,1.0,532.0,93.87,82.0,0.3,19.5,15.3,3.7,,1.3,11.0,1.5,5.0,2500,100.0,,93.82568902608764,Good,99.04633713225037,93.82568902608764
Yamuna River(Site 4) (Ground Water),2017,7.5,,1.2,547.0,99.6,87.0,0.4,20.2,17.8,3.4,,1.2,13.0,1.8,6.0,2500,115.0,,122.83304322545298,Poor,127.98014783728426,122.83304322545298
Yamuna River(Site 4) (Ground Water),2018,7.94,,1.2,552.0,123.87,90.0,0.5,21.08,18.9,3.1,,1.5,14.0,1.9,7.0,2700,145.0,,150.21998980093662,Poor,160.0952078740982,150.21998980093662
Ghaggar River(Site 1) (Ground Water),2016,7.5,,0.2,563.0,56.26,65.0,0.6,16.0,5.54,8.6,,0.4,10.0,,,600,,,182.53601141607763,Poor,183.10314831603063,182.53601141607763
Ghaggar River(Site 1) (Ground Water),2017,7.7,,0.3,576.0,62.2,62.0,0.7,16.7,5.89,8.3,,0.5,12.0,,,700,,,213.2731869186472,Very Poor,219.83271540406406,213.2731869186472
Ghaggar River(Site 1) (Ground Water),2018,7.7,,0.4,583.0,67.26,68.0,0.8,17.1,6.54,8.2,,0.5,15.0,,,800,,,243.60349922224967,Very Poor,232.15133402996497,243.60349922224967
Ghaggar River(Site 2) (Ground Water),2016,7.27,,0.5,914.0,154.84,100.0,0.5,16.0,9.2,7.2,,0.2,10.0,,,680,,,152.26342287234934,Poor,146.4910144745585,152.26342287234934
Ghaggar River(Site 2) (Ground Water),2017,7.3,,0.5,945.0,159.2,154.0,0.6,17.43,9.65,7.1,,0.3,12.0,,,695,,,182.56787875022707,Poor,183.26854584979887,182.56787875022707
Ghaggar River(Site 2) (Ground Water),2018,7.35,,0.6,963.0,165.84,163.0,0.6,18.23,10.2,6.5,,0.3,14.0,,,670,,,182.8188280845292,Poor,183.5557272730981,182.8188280845292
Ghaggar River(Site 3) (Ground Water),2016,8.01,,2.1,902.0,393.56,75.0,0.5,25.6,15.2,4.0,,0.2,39.0,0.98,5.2,790,100.0,,142.14632855458885,Poor,165.35215195560795,142.14632855458885
Ghaggar River(Site 3) (Ground Water),2017,8.04,,2.3,920.0,376.3,68.0,0.4,26.6,15.56,4.0,,0.8,47.1,1.1,5.9,855,100.0,,118.14293987719245,Poor,124.88985537463135,118.14293987719245
Ghaggar River(Site 3) (Ground Water),2018,8.14,,2.5,924.0,345.56,95.0,0.4,27.0,16.2,3.9,,1.1,49.0,0.8,5.4,905,100.0,,115.46710032090414,Poor,277.09638015520835,115.46710032090414
Ghaggar River(Site 4) (Ground Water),2016,7.21,,2.8,712.0,51.61,30.0,1.21,30.0,24.7,2.7,,0.4,10.0,2.69,,600,,,339.7431301105321,Unsuitable,793.9511288594033,339.7431301105321
Ghaggar River(Site 4) (Ground Water),2017,7.34,,2.8,734.0,60.8,45.0,1.7,31.7,27.1,2.7,,0.6,30.0,3.29,,700,,,471.5407400716687,Unsuitable,465.3879377894928,471.5407400716687
Ghaggar River(Site 4) (Ground Water),2018,7.49,,2.9,763.0,76.61,60.0,1.8,33.0,30.2,2.6,,1.3,34.0,3.7,,800,,,501.702633269393,Unsuitable,479.34627709438377,501.702633269393
Ghaggar River(Site 5) (Ground Water),2016,7.63,,1.4,589.0,151.64,75.0,1.54,26.1,29.7,2.1,,1.3,69.0,1.4,,5330,,,411.07513831306665,Unsuitable,424.8935213461338,411.07513831306665
Ghaggar River(Site 5) (Ground Water),2017,7.67,,1.5,653.0,154.4,76.0,1.65,26.5,35.1,1.9,,1.1,72.0,1.7,,5300,,,442.44521094056455,Unsuitable,453.7940800511436,442.44521094056455
Ghaggar River(Site 5) (Ground Water),2018,7.68,,1.8,692.0,198.3,78.0,1.75,27.0,39.4,1.1,,1.5,78.0,2.1,,5440,,,472.46194589433264,Unsuitable,473.256487917068,472.46194589433264
Markanda River(Site 1) (Ground Water),2016,7.78,,0.47,755.2,19.53,13.5,9.17,9.08,18.48,6.3,,0.4,92.5,0.82,,700,,,2354.166846138188,Unsuitable,1912.5525970953545,2354.166846138188
Markanda River(Site 1) (Ground Water),2017,7.6,,0.51,781.0,17.45,21.6,7.25,9.3,18.9,6.1,,0.37,91.2,0.37,,800,,,1858.720275012011,Unsuitable,1846.9109875837469,1858.720275012011
Markanda River(Site 1) (Ground Water),2018,7.61,,0.56,773.0,18.89,28.9,7.81,9.87,18.7,5.7,,0.32,90.5,0.61,,800,,,2004.310603311773,Unsuitable,1680.7500200327586,2004.310603311773
